entry_dt,exit_dt,side,entry_px,exit_px,pnl,bars,entry_adx,entry_atr,regime,exit_reason
2024-12-04 06:25:00,2024-12-04 10:50:00,LONG,96619.728757713,96619.728757713,-1.8400975520958287,,24.437421598486218,95.41401262679271,1,EXIT
2024-12-04 11:10:00,2024-12-04 11:15:00,SHORT,96382.58175133137,96382.58175133137,-18.781842962570977,,27.806249681379807,88.08943462961787,1,EXIT_SHORT
2024-12-04 19:05:00,2024-12-04 19:55:00,LONG,96306.77547032222,97034.73601888087,3.3288502462434746,10.0,45.061613177274666,238.57510159137587,2,TP
2024-12-04 19:55:00,2024-12-04 20:00:00,SHORT,97080.73737072451,97080.73737072451,-61.56060985941481,,46.99831711394854,237.78259433484874,2,EXIT_SHORT
2024-12-04 23:10:00,2024-12-05 00:50:00,LONG,98739.87809276617,98247.85153824821,-4.199520086390882,20.0,14.800950292729997,222.23933494114328,2,SL
2024-12-05 00:50:00,2024-12-05 06:05:00,SHORT,98946.7054976699,98946.7054976699,-682.641653766725,,30.897584675515148,363.62592287624386,2,EXIT_SHORT
2024-12-05 14:40:00,2024-12-05 15:20:00,LONG,103369.34423241831,102795.58490156826,-4.185321445051857,8.0,15.520624908510111,373.95848600440377,2,SL
2024-12-05 15:20:00,2024-12-05 15:25:00,SHORT,102795.58490156826,102795.58490156826,31.698088532173827,,18.256692461815206,409.4100227183748,2,EXIT_SHORT
2024-12-05 22:25:00,2024-12-05 22:30:00,SHORT,96306.77547032222,96306.77547032222,195.92081614468233,,47.63114242171561,965.91016366578,0,EXIT_SHORT
2024-12-07 07:35:00,2024-12-07 09:25:00,SHORT,99473.78,99760.42137782028,-2.77175609890059,22.0,14.980654422837391,126.60921486046175,2,SL
2024-12-07 09:25:00,2024-12-07 09:30:00,LONG,99760.42137782028,99760.42137782028,-13.334573225270315,,15.659782831152233,128.28427094185716,2,EXIT
2024-12-11 10:05:00,2024-12-11 13:30:00,LONG,98091.92562682471,98612.36537591135,1.8720515201966874,41.0,18.367914412524076,153.01385619156804,2,TP
2024-12-11 13:30:00,2024-12-11 13:35:00,SHORT,98612.36537591134,98612.36537591134,-31.60838535822821,,19.671259820613166,165.56572360645643,2,EXIT_SHORT
2024-12-11 16:20:00,2024-12-11 16:40:00,LONG,100905.39561624496,100359.00362261095,-4.209826277001602,4.0,42.7579245496639,281.14511701089475,2,SL
2024-12-11 16:40:00,2024-12-11 16:45:00,SHORT,100359.00362261097,100359.00362261097,-28.332090335916995,,40.9575180198679,272.2833229386881,2,EXIT_SHORT
2024-12-11 19:35:00,2024-12-11 20:45:00,LONG,100884.12449340578,101665.58062796353,3.2330778871644608,14.0,25.26206034707421,229.9123487110486,2,TP
2024-12-11 20:45:00,2024-12-11 20:50:00,SHORT,101665.58062796351,101665.58062796351,4.825112818078253,,25.64280925824033,224.44860951740216,2,EXIT_SHORT
2024-12-11 21:10:00,2024-12-11 21:15:00,SHORT,100884.12449340578,100884.12449340578,-23.560440513968352,,19.86885887124805,214.7445517930494,2,EXIT_SHORT
2024-12-11 22:05:00,2024-12-11 22:10:00,SHORT,101861.5816051045,101861.5816051045,-16.118651210481772,,27.834536758119587,204.05258549371882,2,EXIT_SHORT
2024-12-12 09:00:00,2024-12-12 09:30:00,LONG,101092.10656312497,100858.184649129,-2.4225620634652123,6.0,29.167248820818788,110.2879296209591,2,SL
2024-12-12 09:30:00,2024-12-12 09:35:00,SHORT,100858.18464912899,100858.18464912899,-16.084994871974697,,27.33434808899018,109.97307750517665,2,EXIT_SHORT
2024-12-12 13:15:00,2024-12-12 13:20:00,LONG,100989.18150283447,101501.4699126179,1.7209742633577372,1.0,30.734884854179274,165.31817267025986,2,TP
2024-12-12 13:20:00,2024-12-12 13:25:00,SHORT,101512.07223859873,101512.07223859873,16.777354467357654,,32.94258719549274,161.57758890809822,2,EXIT_SHORT
2024-12-12 13:35:00,2024-12-12 13:40:00,SHORT,100684.69005400622,100684.69005400622,-28.991306918171954,,28.05444451106877,259.2840790200766,2,EXIT_SHORT
2024-12-13 19:50:00,2024-12-13 21:35:00,LONG,101420.52999999998,101420.52999999998,-1.5177008037057247,,12.854776166881681,143.90737526667246,2,EXIT
2024-12-14 01:00:00,2024-12-14 06:05:00,SHORT,102109.39131970188,102109.39131970188,11.782159701170851,,23.274175898502296,94.5537628221398,1,EXIT_SHORT
2024-12-14 13:15:00,2024-12-14 13:20:00,SHORT,101026.89496017032,101026.89496017032,-28.519082518717813,,31.497773397045098,127.38846280629502,1,EXIT_SHORT
2024-12-15 23:20:00,2024-12-16 06:05:00,SHORT,104373.4230614059,104373.4230614059,-76.5712107262526,,13.15590962826382,137.52811551001375,2,EXIT_SHORT
2024-12-16 14:40:00,2024-12-16 15:10:00,LONG,105322.04582163761,106138.58845112972,3.182842241922591,6.0,37.448529106175165,340.10159733334064,2,TP
2024-12-16 15:10:00,2024-12-16 15:15:00,SHORT,106138.58845112972,106138.58845112972,-9.15802324013329,,38.60906118268843,354.807911809531,2,EXIT_SHORT
2024-12-16 18:15:00,2024-12-16 19:00:00,LONG,107311.35904417757,106771.4204101193,-3.902145528047961,9.0,36.3912365004085,311.55791351932106,2,SL
2024-12-16 19:00:00,2024-12-16 19:05:00,SHORT,106771.4204101193,106771.4204101193,12.391892674859427,,35.943363638481756,312.4866339822265,2,EXIT_SHORT
2024-12-17 07:05:00,2024-12-17 08:25:00,LONG,106880.88945029135,107310.86688509518,1.1183741192329588,16.0,22.13755617047258,135.1216176457089,2,TP
2024-12-17 08:25:00,2024-12-17 08:30:00,SHORT,107310.86688509518,107310.86688509518,-15.244436694333427,,23.904907258561767,141.1929306710151,2,EXIT_SHORT
2024-12-17 12:10:00,2024-12-17 12:15:00,SHORT,106635.18805897486,106635.18805897486,-13.234739787310154,,21.806765168539386,134.4352167391697,1,EXIT_SHORT
2024-12-17 14:20:00,2024-12-17 14:35:00,LONG,107663.85396768358,107365.7647514033,-2.633066903967344,3.0,23.795896726740562,195.88140090520662,2,SL
2024-12-17 14:35:00,2024-12-17 14:40:00,SHORT,107365.7647514033,107365.7647514033,-15.36747761895661,,22.66632888854095,241.45201512626295,2,EXIT_SHORT
2024-12-17 14:55:00,2024-12-17 15:00:00,SHORT,108220.97252240419,108220.97252240419,-41.30142354036865,,22.488194566490094,271.6936951796447,0,EXIT_SHORT
2024-12-18 03:05:00,2024-12-18 07:45:00,SHORT,104855.4500333564,104855.4500333564,37.05390791945574,,19.631843356352604,199.9886526029681,0,EXIT_SHORT
2024-12-19 17:50:00,2024-12-19 22:15:00,SHORT,97794.53148448947,97794.53148448947,20.80429777908076,,14.46431647530362,468.08418806908617,0,EXIT_SHORT
2024-12-24 15:10:00,2024-12-24 17:05:00,LONG,97629.84884079224,98678.59154966418,4.83192360502367,23.0,58.86238079080866,270.79331147693955,2,TP
2024-12-24 17:05:00,2024-12-24 17:10:00,SHORT,98678.59154966418,98678.59154966418,-16.922271280667335,,58.86000809325086,270.14950351430093,2,EXIT_SHORT
2024-12-24 19:55:00,2024-12-24 20:45:00,SHORT,97629.84884079224,97629.84884079224,-23.54648581985528,,26.64354106076574,243.99421315741904,2,EXIT_SHORT
2024-12-25 06:05:00,2024-12-25 06:20:00,LONG,98255.94,98580.32466887671,0.7136032275402322,3.0,9.914303308688583,130.16908553958086,2,SL
2024-12-25 06:20:00,2024-12-25 06:25:00,SHORT,98413.0957159785,98413.0957159785,7.96797050774375,,9.951894993119422,139.12843657246836,2,EXIT_SHORT
2024-12-25 10:15:00,2024-12-25 10:20:00,LONG,98683.26047185603,99156.04342480496,1.53393549651973,1.0,34.58096835953262,150.38292629257157,2,TP
2024-12-25 10:20:00,2024-12-25 10:25:00,SHORT,99156.04342480496,99156.04342480496,-26.79045415262972,,35.88754635232113,177.82771727167366,2,EXIT_SHORT
2024-12-25 10:50:00,2024-12-25 10:55:00,SHORT,98413.09878445666,98413.09878445666,0.5776868210928043,,33.10100357252993,216.16716953957962,2,EXIT_SHORT
2024-12-31 13:10:00,2024-12-31 13:25:00,LONG,95010.11428556308,95577.11440087728,2.183727551831964,3.0,39.76601140179297,206.89921005261635,2,TP
2024-12-31 13:25:00,2024-12-31 13:30:00,SHORT,95577.11440087728,95577.11440087728,-30.64530892952603,,42.08805308697509,210.64998076314401,2,EXIT_SHORT
2024-12-31 15:35:00,2024-12-31 16:00:00,LONG,95925.37893891313,95321.11538549639,-4.55437686950596,5.0,20.31223346625251,281.3281225445129,2,
2024-12-31 16:00:00,2024-12-31 16:05:00,SHORT,95321.11538549639,95321.11538549639,-11.983386814526927,,19.721648556744515,284.4111137913338,2,EXIT_SHORT
2024-12-31 16:05:00,2024-12-31 16:30:00,LONG,95272.29,95272.29,-1.07710255235819e-14,,21.301390749698392,279.78949762919706,2,SL
2024-12-31 16:30:00,2024-12-31 16:35:00,SHORT,94686.11421966922,94686.11421966922,-15.957923226911435,,22.70475986347285,274.19881922711187,2,EXIT_SHORT
2025-01-02 07:35:00,2025-01-02 08:55:00,LONG,95825.28,96205.74391824641,1.0718993882046002,16.0,18.273251857744743,119.20554686596778,2,TP
2025-01-02 08:55:00,2025-01-02 09:00:00,SHORT,96205.74391824641,96205.74391824641,-11.521670575848164,,19.396050962828035,122.16515066125575,2,EXIT_SHORT
2025-01-02 11:05:00,2025-01-02 11:20:00,LONG,96821.37512296057,96565.81161337382,-2.5280412652265687,3.0,38.571245663868005,133.59352597705742,2,SL
2025-01-02 11:20:00,2025-01-02 11:25:00,SHORT,96565.81161337382,96565.81161337382,-9.846483504249662,,36.446071107119806,135.84755983583864,2,EXIT_SHORT
2025-01-02 13:10:00,2025-01-02 13:15:00,SHORT,96982.8401573924,96982.8401573924,2.217774599401732,,21.123243015349992,134.76076701645667,2,EXIT_SHORT
2025-01-02 14:30:00,2025-01-02 14:35:00,SHORT,97268.61126473738,97268.61126473738,36.20418795260299,,29.06930875740838,267.75439784289404,2,EXIT_SHORT
2025-01-02 19:25:00,2025-01-02 19:35:00,LONG,97670.26355332656,97218.53154130935,-3.619032807866872,2.0,18.63985109914264,227.33859701762466,2,SL
2025-01-02 19:35:00,2025-01-02 19:40:00,SHORT,97218.53154130935,97218.53154130935,-22.674348032348416,,18.157204474000586,225.5079829449366,2,EXIT_SHORT
2025-01-03 18:25:00,2025-01-03 18:30:00,SHORT,98460.79457435668,98460.79457435668,-19.298046324443046,,26.478799851073344,175.28604446269833,1,EXIT_SHORT
2025-01-06 14:40:00,2025-01-06 14:45:00,LONG,99649.74282893864,100531.90716975619,3.720610041460763,1.0,20.30468566034444,316.0486006250619,2,TP
2025-01-06 14:45:00,2025-01-06 14:50:00,SHORT,100531.90716975619,100531.90716975619,-12.881723745933613,,23.095455178276573,351.8844148661289,2,EXIT_SHORT
2025-01-06 18:25:00,2025-01-06 19:35:00,LONG,101905.44,101905.44,-1.571923801049566,,11.538249801805772,193.13998764010591,2,EXIT
2025-01-07 10:10:00,2025-01-07 10:15:00,SHORT,101435.03064204003,101435.03064204003,-17.18495350091638,,22.608483060022287,83.75114448079593,1,EXIT_SHORT
2025-01-07 15:00:00,2025-01-07 15:05:00,SHORT,99145.64891990005,99145.64891990005,-47.7905000884341,,34.40057055425974,330.5877298510137,0,EXIT_SHORT
2025-01-08 06:35:00,2025-01-08 09:10:00,SHORT,95607.87204671634,95607.87204671634,-55.27997721301097,,22.432345568629458,144.90695061716536,0,EXIT_SHORT
2025-01-10 10:55:00,2025-01-10 11:30:00,LONG,95046.8393308834,94794.90371065642,-2.49406490417996,7.0,24.179895722575807,134.57666742241253,2,SL
2025-01-10 11:30:00,2025-01-10 11:35:00,SHORT,94794.90371065642,94794.90371065642,-2.5759254292178664,,23.975211173923032,135.90119117795416,2,EXIT_SHORT
2025-01-10 17:55:00,2025-01-10 18:00:00,SHORT,95487.72666628062,95487.72666628062,-44.21793070098721,,21.065972320261842,415.9844623717727,2,EXIT_SHORT
2025-01-14 07:35:00,2025-01-14 07:45:00,LONG,94991.78,94991.78,-1.8588766470619253,,12.475911275771304,95.42085734871127,2,EXIT
2025-01-14 08:10:00,2025-01-14 08:15:00,SHORT,95338.46883515514,95338.46883515514,-34.54661285162548,,18.896426224146428,138.73330717436963,2,EXIT_SHORT
2025-01-14 11:50:00,2025-01-14 12:20:00,LONG,96533.13,96206.7755009317,-2.8516249034061047,6.0,23.120975598833343,170.16848061509512,2,SL
2025-01-14 12:20:00,2025-01-14 12:25:00,SHORT,96206.7755009317,96206.7755009317,2.2483999681622766,,22.931063972336922,172.20287485687467,2,EXIT_SHORT
2025-01-14 13:30:00,2025-01-14 13:35:00,SHORT,97104.2503733695,97104.2503733695,7.967194700275517,,25.492261668285142,246.7701010820912,2,EXIT_SHORT
2025-01-14 18:35:00,2025-01-14 20:00:00,LONG,96844.62067422146,96322.06158651563,-3.9287199433831743,17.0,24.900510478676242,226.80639780435897,2,SL
2025-01-14 20:00:00,2025-01-14 20:05:00,SHORT,96322.06158651563,96322.06158651563,-9.272357189235928,,25.659151202228937,229.65951224690474,2,EXIT_SHORT
2025-01-15 13:20:00,2025-01-15 13:30:00,LONG,97239.59745353494,97759.09907770665,1.7739104193264783,2.0,37.75098403454698,231.43304344256677,2,TP
2025-01-15 13:30:00,2025-01-15 13:35:00,SHORT,97749.03651799171,97749.03651799171,-169.1012830247171,,40.7678714774511,254.0385403395255,2,EXIT_SHORT
2025-01-15 17:10:00,2025-01-15 17:55:00,LONG,99220.0,98707.23812748084,-3.7239989268961633,9.0,16.96819534789255,219.25498845972766,2,SL
2025-01-15 17:55:00,2025-01-15 18:00:00,SHORT,98707.23812748084,98707.23812748084,-10.54572061082322,,17.781708702716735,217.9046321411761,2,EXIT_SHORT
2025-01-15 20:05:00,2025-01-15 20:10:00,SHORT,100117.33327690854,100117.33327690854,-22.641224643109325,,33.86521680625606,226.7752009979038,2,EXIT_SHORT
2025-01-15 20:40:00,2025-01-15 20:45:00,SHORT,99721.99835577053,99721.99835577053,-19.061190196613033,,32.3295528023688,262.3976775938049,2,EXIT_SHORT
2025-01-16 08:20:00,2025-01-16 08:30:00,LONG,99572.0,99367.40611168272,-2.0934225682790153,2.0,28.117660046186366,111.18746715719229,2,SL
2025-01-16 08:30:00,2025-01-16 08:35:00,SHORT,99367.40611168272,99367.40611168272,-17.844539179839312,,28.90897030580673,107.44479093167914,2,EXIT_SHORT
2025-01-16 17:30:00,2025-01-16 17:35:00,SHORT,99930.03930455523,99930.03930455523,-29.7178675638878,,23.658665556423735,312.1161215081365,2,EXIT_SHORT
2025-01-16 18:30:00,2025-01-16 18:35:00,SHORT,99366.11546221418,99366.11546221418,-25.775426800989102,,20.05265087998229,265.05947542514224,0,EXIT_SHORT
2025-01-16 22:10:00,2025-01-16 22:25:00,LONG,99903.5,99903.5,-2.3467780757793077,,18.143433375972595,184.12123741670237,2,EXIT
2025-01-16 22:30:00,2025-01-16 22:35:00,SHORT,99524.98338145523,99524.98338145523,-5.34954306096887,,20.54855623930938,188.98479144603382,2,EXIT_SHORT
2025-01-17 01:35:00,2025-01-17 06:05:00,SHORT,100858.71333038705,100858.71333038705,-185.43437464094725,,28.248069282768306,148.51979032686484,2,EXIT_SHORT
2025-01-17 08:30:00,2025-01-17 10:35:00,LONG,101946.09968517981,102418.91794167206,1.3210816425677288,25.0,24.571359749203662,148.4877229272173,2,TP
2025-01-17 10:35:00,2025-01-17 10:40:00,SHORT,102418.91794167206,102418.91794167206,-20.088123321053807,,26.74758094718258,154.13502843241628,2,EXIT_SHORT
2025-01-17 12:40:00,2025-01-17 12:45:00,SHORT,102728.65637642995,102728.65637642995,-15.866752657079651,,25.31925675466247,145.62706939602387,2,EXIT_SHORT
2025-01-17 16:10:00,2025-01-17 19:15:00,LONG,104265.32303345882,105405.60034773752,4.4528758911151645,37.0,18.89690055128867,239.4217102691808,2,TP
2025-01-17 19:15:00,2025-01-17 19:20:00,SHORT,105405.60034773752,105405.60034773752,-14.37867492346667,,20.667007652969158,242.9844452499538,2,EXIT_SHORT
2025-01-18 03:40:00,2025-01-18 06:05:00,SHORT,103613.73599672814,103613.73599672814,23.96718245440686,,37.00717858418929,231.23145183854922,2,EXIT_SHORT
2025-01-18 13:55:00,2025-01-18 15:35:00,LONG,104087.44604104757,104779.43984933113,2.331667537872977,20.0,18.71628125144255,225.395986341486,0,TP
2025-01-18 15:35:00,2025-01-18 15:40:00,SHORT,104779.43984933113,104779.43984933113,-7.802105892682383,,20.373632815699356,221.0241301742372,0,EXIT_SHORT
2025-01-18 16:35:00,2025-01-18 16:40:00,SHORT,103692.02100774269,103692.02100774269,-12.511855903634459,,23.046974948444024,283.40478122104895,0,EXIT_SHORT
2025-01-19 06:25:00,2025-01-19 08:00:00,LONG,105258.35922165145,104915.86509969528,-2.619365238381598,19.0,17.323993175560236,161.44899266345277,2,SL
2025-01-19 08:00:00,2025-01-19 08:05:00,SHORT,104915.86509969528,104915.86509969528,-15.595477127954432,,17.772866257495256,153.94263604463475,2,EXIT_SHORT
2025-01-19 16:05:00,2025-01-19 16:20:00,LONG,104864.02,104864.02,-0.7583534299494353,,13.199566003676267,228.23532430053356,2,EXIT
2025-01-19 19:15:00,2025-01-19 19:50:00,LONG,105302.4838717118,105732.94822466196,1.0371668438280797,7.0,26.68512327539477,137.8961695844271,2,TP
2025-01-19 19:50:00,2025-01-19 20:00:00,SHORT,105787.6862734331,105787.6862734331,-83.99872822776719,,32.91777842285009,171.34271765187938,2,EXIT_SHORT
2025-01-19 21:25:00,2025-01-19 21:30:00,SHORT,104700.96699672984,104700.96699672984,15.261791638884539,,29.24510031144219,363.5030290543473,0,EXIT_SHORT
2025-01-19 22:45:00,2025-01-19 22:50:00,SHORT,101946.09968517981,101946.09968517981,-23.98235319939807,,39.89373444234259,728.299710310293,0,EXIT_SHORT
2025-01-21 18:30:00,2025-01-21 22:35:00,LONG,106546.04786361058,106546.04786361058,-1.8790099475879822,,12.194966155642938,243.06407929575735,2,EXIT
2025-01-21 23:00:00,2025-01-22 06:05:00,SHORT,105755.59824220774,105755.59824220774,-18.982846692149202,,16.086353600565243,137.80820227326163,2,EXIT_SHORT
2025-01-24 07:35:00,2025-01-24 08:20:00,LONG,104746.0,105315.67551603045,1.6830691212780031,9.0,31.38923554706511,155.23569262675997,2,TP
2025-01-24 08:20:00,2025-01-24 08:25:00,SHORT,105315.67551603045,105315.67551603045,-10.938043232383931,,33.14465635264324,165.4310002962772,2,EXIT_SHORT
2025-01-24 18:25:00,2025-01-24 18:45:00,LONG,107081.51872422185,106532.44538171569,-3.495247251918166,4.0,17.944158387720787,266.1245581960427,2,SL
2025-01-24 18:45:00,2025-01-24 18:50:00,SHORT,106532.44538171569,106532.44538171569,-13.95061276163723,,17.193331041425317,257.02637546775395,2,EXIT_SHORT
2025-01-25 00:50:00,2025-01-25 06:05:00,SHORT,104420.47113369689,104420.47113369689,-12.626034801448093,,25.94907231857542,116.0442982026661,1,EXIT_SHORT
2025-01-28 15:30:00,2025-01-28 15:45:00,LONG,103427.88651856701,102746.44504224551,-4.19971100326763,3.0,22.179839087350146,353.2422090886184,2,SL
2025-01-28 15:45:00,2025-01-28 15:50:00,SHORT,102746.44504224551,102746.44504224551,-34.61211384697106,,21.779222076343224,353.52419415371725,2,EXIT_SHORT
2025-01-29 18:45:00,2025-01-29 19:00:00,LONG,102847.18393719468,102416.27568364453,-3.0091684582064224,3.0,22.161861002712236,266.6615803661981,2,SL
2025-01-29 19:00:00,2025-01-29 19:05:00,SHORT,102416.27568364453,102416.27568364453,2.4648282503223484,,23.121333046592003,299.1828960543273,2,EXIT_SHORT
2025-01-29 19:40:00,2025-01-29 19:45:00,SHORT,103601.27338090746,103601.27338090746,-4.0533011891397965,,27.71747761860684,492.11166322913505,2,EXIT_SHORT
2025-01-29 20:25:00,2025-01-29 20:30:00,SHORT,104620.40910212963,104620.40910212963,3.389610612396396,,27.42163487515688,536.5549995481314,2,EXIT_SHORT
2025-01-30 06:05:00,2025-01-30 06:25:00,LONG,105552.65764845088,105233.5672689156,-2.438580227009977,4.0,21.892093574661093,151.23337033927535,2,SL
2025-01-30 06:25:00,2025-01-30 06:30:00,SHORT,105233.5672689156,105233.5672689156,-12.939442115114044,,20.553560233040717,143.80598674361283,2,EXIT_SHORT
2025-01-30 14:50:00,2025-01-30 14:55:00,SHORT,106111.06581263762,106111.06581263762,-9.898890344562805,,26.426101161981634,263.16221400546254,2,EXIT_SHORT
2025-02-02 18:40:00,2025-02-02 20:05:00,SHORT,96953.90637052021,96953.90637052021,-156.6855434215122,,31.153475943182134,386.95515768287595,0,EXIT_SHORT
2025-02-03 01:35:00,2025-02-03 06:05:00,SHORT,94793.67209419707,94793.67209419707,70.45550922358473,,20.195824035502756,398.737570943538,0,EXIT_SHORT
2025-02-03 22:05:00,2025-02-03 23:35:00,LONG,102082.14585355853,101383.07400574196,-4.272829952977942,18.0,19.337728531173692,233.90148234878058,2,SL
2025-02-03 23:35:00,2025-02-04 06:05:00,SHORT,101383.07400574196,101383.07400574196,133.12765149208877,,41.533389750198396,361.67767405900423,2,EXIT_SHORT
2025-02-04 12:30:00,2025-02-04 13:55:00,LONG,99440.82314432008,99054.19697204868,-2.870715373558415,17.0,20.497625041250622,198.44868273475066,0,SL
2025-02-04 13:55:00,2025-02-04 14:00:00,SHORT,99054.19697204868,99054.19697204868,-10.944147276163916,,20.74574839058574,201.31091968226772,0,EXIT_SHORT
2025-02-04 14:30:00,2025-02-04 14:35:00,SHORT,100117.41894579503,100117.41894579503,-10.261808919434992,,25.74259201285387,354.2766044118847,0,EXIT_SHORT
2025-02-05 18:10:00,2025-02-05 20:20:00,SHORT,97282.91659578659,97282.91659578659,-3.0087419919784404,,22.417034350537097,225.70672122311487,0,EXIT_SHORT
2025-02-06 06:00:00,2025-02-06 06:05:00,LONG,97889.8716357665,97889.8716357665,-26.326175961055498,,38.48179807801402,116.6158666250608,2,EXIT
2025-02-07 14:05:00,2025-02-07 14:45:00,LONG,99044.13678266159,100060.15262166208,3.9942070222170725,8.0,47.81901410023683,312.5759058306784,2,TP
2025-02-07 14:45:00,2025-02-07 14:50:00,SHORT,100060.15262166208,100060.15262166208,-13.545246721432138,,48.283302283188554,308.51762684277344,2,EXIT_SHORT
2025-02-07 15:00:00,2025-02-07 15:05:00,SHORT,99044.13678266159,99044.13678266159,-2.2052605972874275,,42.29666514880042,382.01534481544104,2,EXIT_SHORT
2025-02-10 09:45:00,2025-02-10 12:25:00,LONG,97558.59,97558.59,-0.7170268791470678,,13.860068990518482,117.90998236759914,1,EXIT
2025-02-10 12:35:00,2025-02-10 12:40:00,SHORT,97280.52532876292,97280.52532876292,-16.759200777672074,,20.80088756355312,122.93211416239645,1,EXIT_SHORT
2025-02-10 13:55:00,2025-02-10 14:00:00,SHORT,98045.2031746649,98045.2031746649,-28.716993206324283,,27.37821401394681,175.52480268170228,2,EXIT_SHORT
2025-02-12 16:35:00,2025-02-12 16:50:00,SHORT,95512.02,96130.09660568165,-4.067853736243101,3.0,13.052579610816714,313.5800733751063,2,EXIT_SHORT
2025-02-12 16:50:00,2025-02-12 16:55:00,LONG,96119.84574545115,96119.84574545115,13.084370197966521,,15.194496426043974,335.34863956259846,2,EXIT
2025-02-14 17:35:00,2025-02-14 17:55:00,LONG,97787.78883907429,98663.63907393662,3.34507702244626,4.0,27.92444051480349,274.26866226053966,2,TP
2025-02-14 17:55:00,2025-02-14 18:00:00,SHORT,98663.63907393662,98663.63907393662,-4.340072084301655,,30.18024386996369,270.1473292419302,2,EXIT_SHORT
2025-02-14 19:50:00,2025-02-14 19:55:00,SHORT,97787.78883907429,97787.78883907429,-15.41211186289989,,23.199217825600222,234.44750735362734,2,EXIT_SHORT
2025-02-26 12:10:00,2025-02-26 15:10:00,SHORT,88401.45698680716,88401.45698680716,-0.9579679731330936,36.0,38.5027388666523,460.0537204008414,0,SL
2025-02-26 15:10:00,2025-02-26 15:15:00,LONG,88401.45698680716,88401.45698680716,-19.17691675141464,,37.465723721286146,447.03202608649565,0,EXIT
2025-02-27 14:15:00,2025-02-27 14:25:00,SHORT,85683.8910543792,86259.88408338565,-4.145297792964453,2.0,25.49829615009271,307.8423517910483,2,SL
2025-02-27 14:25:00,2025-02-27 14:30:00,LONG,86259.88408338565,86259.88408338565,-9.487232118545702,,24.754303826121117,308.1214695202592,2,EXIT
2025-02-27 19:05:00,2025-02-27 21:15:00,SHORT,84254.6497194477,84254.6497194477,-0.9490911162536974,26.0,30.61038145034661,351.3930250786211,0,SL
2025-02-27 21:15:00,2025-02-27 21:20:00,LONG,84254.6497194477,84254.6497194477,-21.20030194386559,,29.1884073788641,346.6442375730056,0,EXIT
2025-02-28 22:35:00,2025-02-28 22:40:00,LONG,83981.13,83981.13,-0.7645760175810002,,12.246592076333998,237.27669983014232,2,EXIT
2025-03-01 01:55:00,2025-03-01 06:05:00,SHORT,84784.58025320593,84784.58025320593,-82.15059237187997,,22.984483074284515,175.42466576628829,2,EXIT_SHORT
2025-03-01 17:50:00,2025-03-01 21:55:00,LONG,85354.38396644453,85886.18030860063,1.9917122630227138,49.0,30.417091608353992,134.8959949122583,2,TP
2025-03-01 21:55:00,2025-03-01 22:00:00,SHORT,85886.18030860063,85886.18030860063,-29.722701099370433,,32.621482438836196,142.7362809899544,1,EXIT_SHORT
2025-03-02 14:15:00,2025-03-02 14:20:00,SHORT,85354.38396644453,85354.38396644453,-1.3642837150549507,,23.100505838685258,171.70607466570505,1,EXIT_SHORT
2025-03-02 16:30:00,2025-03-02 16:50:00,LONG,89739.14219744605,91874.13486930239,10.302201533489024,4.0,51.34376955537171,803.9134576804988,2,TP
2025-03-02 16:50:00,2025-03-02 16:55:00,SHORT,91874.13486930239,91874.13486930239,-5.082699099316482,,53.142195220237944,792.1532107033207,2,EXIT_SHORT
2025-03-02 20:30:00,2025-03-03 00:55:00,LONG,94038.28,93331.16700560038,-4.467035292961905,53.0,21.242733873002663,306.84323090955854,2,SL
2025-03-03 00:55:00,2025-03-03 06:05:00,SHORT,93331.16700560038,93331.16700560038,-1.433397756552992,,19.25729324333785,174.2165431577768,2,EXIT_SHORT
2025-03-03 11:00:00,2025-03-03 13:40:00,LONG,92591.25848684795,93492.70329691443,3.633479925191555,32.0,26.63462538152937,241.36879412719767,0,TP
2025-03-03 13:40:00,2025-03-03 13:45:00,SHORT,93492.70329691443,93492.70329691443,-25.319737205463205,,28.204489519246966,248.1967374038269,0,EXIT_SHORT
2025-03-03 14:35:00,2025-03-03 14:40:00,SHORT,92076.14716680995,92076.14716680995,19.35091800198866,,32.68860633869795,438.78197619145897,0,EXIT_SHORT
2025-03-03 14:55:00,2025-03-03 15:00:00,SHORT,89739.14219744605,89739.14219744605,24.007731682871384,,43.24983795478605,607.5494901083983,0,EXIT_SHORT
2025-03-04 01:40:00,2025-03-04 09:25:00,SHORT,83522.01556959662,83522.01556959662,-33.707388459717805,,15.10821750743255,255.13354149280912,0,EXIT_SHORT
2025-03-05 07:00:00,2025-03-05 09:05:00,LONG,87641.1422093823,88188.32165364652,1.9887504041647812,25.0,38.26591245908714,164.52239902925305,2,TP
2025-03-05 09:05:00,2025-03-05 09:10:00,SHORT,88188.32165364652,88188.32165364652,-14.108373266723353,,39.73217959906632,173.9672276700207,2,EXIT_SHORT
2025-03-05 12:30:00,2025-03-05 13:05:00,LONG,90764.13474565989,90114.81924175318,-4.319215590206521,7.0,37.97007040393308,341.9516403152385,2,SL
2025-03-05 13:05:00,2025-03-05 13:10:00,SHORT,90114.81924175318,90114.81924175318,-1.9769594878940282,,35.37146310281678,353.30509457843533,2,EXIT_SHORT
2025-03-05 17:30:00,2025-03-05 18:05:00,LONG,90262.5605579224,89239.2955567015,-6.244139137468678,7.0,28.363742169551383,519.7944295645207,2,SL
2025-03-05 18:05:00,2025-03-05 18:10:00,SHORT,89239.2955567015,89239.2955567015,0.38258130219841036,,26.416822766574626,512.7341131670547,2,EXIT_SHORT
2025-03-05 21:10:00,2025-03-05 21:20:00,LONG,90573.33066267852,89961.63584812784,-4.090501146081168,2.0,18.583127605506675,304.29337668128517,2,SL
2025-03-05 21:20:00,2025-03-05 21:25:00,SHORT,89961.63584812784,89961.63584812784,-22.23467076682646,,17.67575874019372,297.7095640611931,2,EXIT_SHORT
2025-03-06 01:45:00,2025-03-06 06:05:00,SHORT,91865.81154502665,91865.81154502665,-190.64447205312314,,45.35949811425436,215.11128904072527,2,EXIT_SHORT
2025-03-07 00:20:00,2025-03-07 19:05:00,SHORT,87328.46824123133,87328.46824123133,-131.21359677402774,,13.446013683962072,486.19484980852127,0,EXIT_SHORT
2025-03-11 13:05:00,2025-03-11 13:25:00,SHORT,80938.5602274303,81457.27261997492,-3.7415843602792154,4.0,25.012828026616496,348.1767352596155,2,SL
2025-03-11 13:25:00,2025-03-11 13:30:00,LONG,81457.27261997492,81457.27261997492,-14.072618950643776,,24.43691032752236,393.6241113124992,2,EXIT
2025-03-11 17:05:00,2025-03-11 18:20:00,LONG,81240.8,82634.47588222039,6.738305425007532,15.0,23.696462923879146,421.7260309499405,2,TP
2025-03-11 18:20:00,2025-03-11 18:25:00,SHORT,82634.47588222039,82634.47588222039,-11.883023452089077,,25.471369883534656,403.3691715963741,2,EXIT_SHORT
2025-03-11 22:00:00,2025-03-11 23:15:00,LONG,83110.71,82729.48117189635,-2.928020004955878,15.0,17.884024139302035,182.8743792027453,2,SL
2025-03-11 23:15:00,2025-03-12 06:05:00,SHORT,83270.75770086666,83270.75770086666,214.8757670221339,,23.50307188729877,159.85093958556848,0,EXIT_SHORT
2025-03-12 08:10:00,2025-03-12 08:15:00,LONG,82760.48823167259,82283.723941165,-3.556603237619156,1.0,32.34383142673283,261.28556344995366,2,SL
2025-03-12 08:15:00,2025-03-12 08:20:00,SHORT,82283.723941165,82283.723941165,-25.587129145024047,,31.113665744276105,281.01159463210064,2,EXIT_SHORT
2025-03-12 11:55:00,2025-03-12 12:30:00,LONG,83037.8167029941,83594.82574006087,2.1451437052912476,7.0,30.23963793669187,275.1674676355014,2,TP
2025-03-12 12:30:00,2025-03-12 12:35:00,SHORT,83604.88578060159,83604.88578060159,-82.80473559435036,,33.459871715810394,298.9876485186805,2,EXIT_SHORT
2025-03-12 13:50:00,2025-03-12 13:55:00,SHORT,82708.35011567842,82708.35011567842,-15.202237268758264,,34.095402046105946,397.8995632569417,2,EXIT_SHORT
2025-03-12 21:00:00,2025-03-12 21:50:00,LONG,83259.77141988103,82913.80930704558,-2.7713111211848096,10.0,19.464174744009448,151.45920432370002,0,SL
2025-03-12 21:50:00,2025-03-12 21:55:00,SHORT,82913.80930704558,82913.80930704558,-10.823965411581536,,18.96379979200299,157.88354687200777,0,EXIT_SHORT
2025-03-12 23:50:00,2025-03-13 06:05:00,SHORT,83865.20511734307,83865.20511734307,52.63219739766663,,23.819882983344378,137.95018491568493,2,EXIT_SHORT
2025-03-13 17:10:00,2025-03-13 21:40:00,SHORT,80444.41378158836,80444.41378158836,-32.602234857919605,,11.137518259439103,167.7294903071647,0,EXIT_SHORT
2025-03-14 11:35:00,2025-03-14 12:00:00,LONG,83344.42695113545,83100.64743517518,-2.223251765564046,5.0,34.0712404020207,127.85283741468514,2,SL
2025-03-14 12:00:00,2025-03-14 12:05:00,SHORT,83100.64743517518,83100.64743517518,-13.579544449869283,,32.32640397400351,126.57763474220764,2,EXIT_SHORT
2025-03-14 13:30:00,2025-03-14 13:35:00,SHORT,83771.04110406591,83771.04110406591,-7.051510288038249,,20.63322091495243,158.8403899822858,2,EXIT_SHORT
2025-03-14 17:10:00,2025-03-14 20:10:00,LONG,84665.12,84665.12,-2.336789605523844,,12.732336609779216,164.42582184346693,2,EXIT
2025-03-14 20:15:00,2025-03-14 20:20:00,SHORT,84100.05000264553,84100.05000264553,-5.88875153581793,,17.583801038700926,184.0097137323766,2,EXIT_SHORT
2025-03-19 11:20:00,2025-03-19 12:20:00,LONG,83836.46691935789,83582.82060319783,-2.264804514840807,12.0,26.762786226230435,132.00713968505698,1,SL
2025-03-19 12:20:00,2025-03-19 12:25:00,SHORT,83582.82060319783,83582.82060319783,-16.168428412987492,,24.907121100913365,130.573058278981,1,EXIT_SHORT
2025-03-19 13:15:00,2025-03-19 13:20:00,SHORT,84280.34797263797,84280.34797263797,-14.45993776411375,,24.084785587191107,182.1981970015823,2,EXIT_SHORT
2025-03-19 15:40:00,2025-03-19 17:35:00,LONG,84570.55724234221,84172.1219884992,-3.006697313590911,23.0,22.334063715375432,176.48246653101742,2,SL
2025-03-19 17:35:00,2025-03-19 17:40:00,SHORT,84172.1219884992,84172.1219884992,-9.573716161556293,,23.993728871872396,201.6972903502298,2,EXIT_SHORT
2025-03-19 18:50:00,2025-03-19 19:00:00,SHORT,85461.58881361796,85461.58881361796,-28.963661595022266,,25.393185649055223,390.89964945059927,2,EXIT_SHORT
2025-03-19 21:20:00,2025-03-19 23:25:00,LONG,85900.61735697003,86661.88346130708,3.0602968069092538,25.0,35.91236266033726,198.96998857789833,2,TP
2025-03-19 23:25:00,2025-03-20 06:05:00,SHORT,86044.16818751644,86044.16818751644,0.6870740994507116,,23.307246915823843,102.11447584701996,2,EXIT_SHORT
2025-03-24 08:10:00,2025-03-24 10:35:00,LONG,87172.6456870653,87588.7699241002,1.230838973995005,29.0,19.4144884599942,124.78965093341189,2,TP
2025-03-24 10:35:00,2025-03-24 10:40:00,SHORT,87588.7699241002,87588.7699241002,-25.220279123701978,,21.461536856566465,126.48967586673936,2,EXIT_SHORT
2025-03-24 14:05:00,2025-03-24 15:00:00,LONG,88172.06998781743,87777.71719531676,-2.8672297866266394,11.0,28.130141484918436,237.1719833758727,2,SL
2025-03-24 15:00:00,2025-03-24 15:05:00,SHORT,87777.71719531676,87777.71719531676,-22.941584086850412,,26.312370565557014,237.84827027759607,2,EXIT_SHORT
2025-03-25 01:30:00,2025-03-25 06:05:00,SHORT,86934.86040875965,86934.86040875965,8.642933324689483,,21.91458781716565,113.49647148600852,1,EXIT_SHORT
2025-04-01 09:50:00,2025-04-01 11:00:00,LONG,84374.92912798647,84135.30737214924,-2.1403282058152424,14.0,31.534856706861277,127.970486112049,1,SL
2025-04-01 11:00:00,2025-04-01 11:05:00,SHORT,84135.30737214924,84135.30737214924,-11.192286575016809,,30.98859578960488,133.83973710404547,1,EXIT_SHORT
2025-04-01 15:10:00,2025-04-01 15:15:00,SHORT,84794.26720070164,84794.26720070164,-23.352419951356577,,37.00005155391747,303.7356365009458,2,EXIT_SHORT
2025-04-01 18:50:00,2025-04-01 19:40:00,LONG,84952.06,84952.06,-0.7763130507026478,,12.299422926780364,155.93909957972477,2,EXIT
2025-04-02 03:35:00,2025-04-02 06:05:00,SHORT,84592.75479574622,84592.75479574622,25.594572195046958,,29.516230058556452,91.6220812182137,1,EXIT_SHORT
2025-04-02 13:45:00,2025-04-02 13:50:00,SHORT,85580.84410744409,85580.84410744409,-56.643350795943405,,26.78525003863846,257.2139596048268,1,EXIT_SHORT
2025-04-02 17:25:00,2025-04-02 17:35:00,LONG,86988.01,86509.52685480937,-3.2808991273154757,2.0,28.182943106594742,236.28926412554875,2,SL
2025-04-02 17:35:00,2025-04-02 17:40:00,SHORT,86509.52685480937,86509.52685480937,-16.083936759257455,,27.468100637949476,231.66788811658074,2,EXIT_SHORT
2025-04-02 20:10:00,2025-04-02 20:15:00,SHORT,87825.35550408358,87825.35550408358,-10.099388835317242,,26.860708149828653,412.6106994915656,2,EXIT_SHORT
2025-04-04 10:45:00,2025-04-04 11:55:00,SHORT,82663.99673301542,82663.99673301542,-0.8693017970684921,14.0,51.107734397936575,304.5026039501432,2,SL
2025-04-04 11:55:00,2025-04-04 12:00:00,LONG,82663.99673301542,82663.99673301542,-11.79350678488293,,48.87826904425626,305.20741795370407,2,EXIT
2025-04-04 14:45:00,2025-04-04 15:00:00,SHORT,82002.53066619503,82769.31905136848,-4.8736938945584445,3.0,16.762123306255145,446.2299967613126,2,
2025-04-04 15:00:00,2025-04-04 15:05:00,LONG,82769.31905136848,82769.31905136848,32.06344618276121,,17.261251225780935,449.5928541355044,2,EXIT
2025-04-04 15:05:00,2025-04-04 18:05:00,SHORT,83341.84,83341.84,-1.542095964812705e-14,,21.526428988367552,348.7110932352071,2,EXIT_SHORT
2025-04-08 11:50:00,2025-04-08 13:35:00,LONG,79855.86220681647,79531.23104610053,-2.653360579405703,21.0,36.48421503945708,264.50873503766866,2,SL
2025-04-08 13:35:00,2025-04-08 13:40:00,SHORT,79531.23104610053,79531.23104610053,-31.465841697688717,,34.76316119124741,273.20025396354964,2,EXIT_SHORT
2025-04-09 17:20:00,2025-04-09 19:05:00,SHORT,80423.96673806936,80423.96673806936,-153.37210077246397,,55.13963167995832,506.5436810893896,2,EXIT_SHORT
2025-04-09 21:15:00,2025-04-09 21:30:00,LONG,83556.74528969049,82947.7582646849,-3.9591381126706455,3.0,46.072945923653634,308.33784510518484,2,SL
2025-04-09 21:30:00,2025-04-09 21:35:00,SHORT,82947.7582646849,82947.7582646849,-24.158211033689433,,44.10447361853096,307.9951418833865,2,EXIT_SHORT
2025-04-10 06:10:00,2025-04-10 06:25:00,LONG,82329.45460204383,82080.11287477253,-2.134754600537308,3.0,25.98287344427255,120.6004728161506,2,SL
2025-04-10 06:25:00,2025-04-10 06:30:00,SHORT,82080.11287477253,82080.11287477253,-12.35645877212464,,24.60155078521879,119.70758190071169,2,EXIT_SHORT
2025-04-11 09:25:00,2025-04-11 10:15:00,LONG,81895.37439083535,82648.36957440716,3.052973143599983,10.0,45.95166677534342,211.79617422561103,2,TP
2025-04-11 10:15:00,2025-04-11 10:25:00,SHORT,82708.99736091471,82708.99736091471,-27.97407876871049,,49.623174826691155,208.45445634759398,2,EXIT_SHORT
2025-04-11 14:25:00,2025-04-11 15:20:00,SHORT,81465.09142879432,81465.09142879432,-58.313521308965925,,16.95673013828527,304.2953584456274,2,EXIT_SHORT
2025-04-11 17:35:00,2025-04-11 18:05:00,LONG,83174.6261273163,84131.10577277512,3.975299940200102,6.0,38.8331889955567,282.2020466701273,2,TP
2025-04-11 18:05:00,2025-04-11 18:10:00,SHORT,84131.10577277512,84131.10577277512,0.9635634390290004,,40.77751938441349,276.76690047940394,2,EXIT_SHORT
2025-04-11 23:15:00,2025-04-12 06:05:00,SHORT,83174.6261273163,83174.6261273163,-36.56262614709364,,39.12775687841673,104.68251910007427,1,EXIT_SHORT
2025-04-12 08:10:00,2025-04-12 08:20:00,LONG,83937.7359451032,83713.68664455561,-1.9436939957772816,2.0,40.21577457094571,128.43181579730273,2,SL
2025-04-12 08:20:00,2025-04-12 08:25:00,SHORT,83713.68664455561,83713.68664455561,-7.175677381654684,,37.35285036490687,130.06097181178149,2,EXIT_SHORT
2025-04-12 13:40:00,2025-04-12 13:45:00,SHORT,84329.82222106148,84329.82222106148,-1.3030310092476203,,22.76746895266313,186.60899505204605,1,EXIT_SHORT
2025-04-12 13:55:00,2025-04-12 14:00:00,SHORT,84622.47258345025,84622.47258345025,-0.3915482495358553,,26.617578887148994,199.95664800632184,1,EXIT_SHORT
2025-04-12 18:40:00,2025-04-12 20:30:00,LONG,85020.66138904833,85431.6864272712,1.1764375611439144,22.0,24.333204274721673,131.65924435087328,2,TP
2025-04-12 20:30:00,2025-04-12 20:35:00,SHORT,85431.6864272712,85431.6864272712,-17.875398697483668,,26.503838420134514,138.31572689723885,2,EXIT_SHORT
2025-04-13 01:05:00,2025-04-13 01:45:00,LONG,85752.68944920755,85493.45983100239,-2.088326738859868,8.0,23.76018167927256,197.57364826231986,2,SL
2025-04-13 01:45:00,2025-04-13 06:05:00,SHORT,85126.21246862505,85126.21246862505,76.32402317375146,,21.928154546991347,165.0687890167471,1,EXIT_SHORT
2025-04-14 14:45:00,2025-04-14 15:00:00,LONG,85756.5911010571,85238.36178932551,-3.3769313158073917,3.0,25.091266772534386,285.24665777592793,2,SL
2025-04-14 15:00:00,2025-04-14 15:05:00,SHORT,85238.36178932551,85238.36178932551,19.30595307685437,,25.002432119784167,284.3876107919331,2,EXIT_SHORT
2025-04-14 19:05:00,2025-04-14 19:55:00,LONG,85148.23383598769,84793.80457639555,-2.5920194086822956,10.0,13.719715074765993,175.55966001006277,2,SL
2025-04-14 19:55:00,2025-04-14 20:00:00,SHORT,84793.80457639555,84793.80457639555,-21.85946180221589,,13.617538267995933,172.2675414379155,2,EXIT_SHORT
2025-04-15 05:35:00,2025-04-15 06:05:00,SHORT,85768.48504027392,85768.48504027392,7.160941759744471,,31.593489227507938,135.70738235777904,1,EXIT_SHORT
2025-04-15 13:45:00,2025-04-15 13:50:00,SHORT,86206.34128106659,86206.34128106659,-28.510681802677695,,22.712044890428107,220.4339643028232,1,EXIT_SHORT
2025-04-16 20:35:00,2025-04-17 06:40:00,SHORT,84442.54,84442.54,-2.404234022010277,,34.19139597065952,92.9968705959246,1,TIME_STOP
2025-04-17 06:55:00,2025-04-17 07:00:00,LONG,84827.28595656093,84827.28595656093,-17.45861772102692,,38.206116849917684,98.4097006739428,1,EXIT
2025-04-21 00:30:00,2025-04-21 06:05:00,SHORT,86663.49239658737,86663.49239658737,-86.2228873064269,,26.346868417105107,109.61932035956814,2,EXIT_SHORT
2025-04-21 08:25:00,2025-04-21 09:15:00,LONG,87629.99172814381,87450.42445260154,-1.6633164301571197,10.0,26.06014118920646,94.62844683825516,2,SL
2025-04-21 09:15:00,2025-04-21 09:20:00,SHORT,87450.42445260154,87450.42445260154,-10.250916692670678,,24.691800427401947,92.80998634980824,2,EXIT_SHORT
2025-04-21 14:20:00,2025-04-21 14:25:00,SHORT,87944.23446034279,87944.23446034279,-18.75606688926387,,18.8473710044297,239.512116376453,2,EXIT_SHORT
2025-04-22 01:20:00,2025-04-22 06:05:00,SHORT,88862.18737469362,88862.18737469362,23.362741068367605,,18.339502380950282,114.25841641642234,1,EXIT_SHORT
2025-04-22 13:15:00,2025-04-22 13:45:00,LONG,89756.12128994522,90435.28826800804,2.2829419385113345,6.0,36.242631658163006,234.47811742853807,2,TP
2025-04-22 13:45:00,2025-04-22 13:50:00,SHORT,90435.28826800804,90435.28826800804,-0.21033758741130093,,38.32769890433292,234.90182332649886,2,EXIT_SHORT
2025-04-22 17:25:00,2025-04-22 17:55:00,LONG,90772.69,91472.1718538395,2.3389757336856034,6.0,28.6596442202446,193.50121497523642,2,TP
2025-04-22 17:55:00,2025-04-22 18:00:00,SHORT,91472.1718538395,91472.1718538395,-7.152537412965147,,30.88174550548955,201.85541390557714,2,EXIT_SHORT
2025-04-22 21:20:00,2025-04-22 21:25:00,LONG,91730.76206040973,91393.10681399622,-2.3386062628099893,1.0,22.406005427568115,177.98707869198785,2,SL
2025-04-22 21:25:00,2025-04-22 21:30:00,SHORT,91393.10681399622,91393.10681399622,-13.625667151097522,,23.117612083454926,188.56014449970263,2,EXIT_SHORT
2025-04-22 21:45:00,2025-04-22 21:50:00,SHORT,92321.65874163338,92321.65874163338,-90.91223955152876,,29.037963935781296,416.9206046193251,2,EXIT_SHORT
2025-04-23 06:05:00,2025-04-23 07:55:00,LONG,93617.24540294106,94092.40914453664,1.2410236286447827,22.0,45.50390875457736,150.22364766773453,2,TP
2025-04-23 07:55:00,2025-04-23 08:00:00,SHORT,94092.40914453664,94092.40914453664,-14.678937407265465,,47.36096111149061,156.9791014057537,2,EXIT_SHORT
2025-04-23 10:10:00,2025-04-23 11:35:00,SHORT,93345.72326488644,93345.72326488644,-26.61012548385478,,25.39456260458009,119.62327207538705,2,EXIT_SHORT
2025-04-23 17:05:00,2025-04-23 19:10:00,LONG,93867.47179704212,93329.41081494813,-3.104790526005668,25.0,20.89854221978745,164.74141264720814,1,SL
2025-04-23 19:10:00,2025-04-23 19:15:00,SHORT,93329.41081494813,93329.41081494813,-8.74887096307195,,21.803492391604177,165.41274031526464,1,EXIT_SHORT
2025-04-25 12:00:00,2025-04-25 12:05:00,SHORT,94809.0785157066,94809.0785157066,-1.9545014792791093,,47.256616355606184,140.87281477383627,1,EXIT_SHORT
2025-04-25 14:10:00,2025-04-25 14:15:00,SHORT,95275.72774019932,95275.72774019932,-15.297798492817353,,21.04701877240915,257.37692181118564,2,EXIT_SHORT
2025-04-25 17:15:00,2025-04-25 17:35:00,LONG,95547.39935338846,95189.84217214359,-2.295417104240702,4.0,19.924455651401964,195.65850001997634,2,SL
2025-04-25 17:35:00,2025-04-25 17:40:00,SHORT,95189.84217214359,95189.84217214359,11.109540851711671,,20.314338458892976,202.10289287569162,2,EXIT_SHORT
2025-04-25 17:55:00,2025-04-25 18:00:00,SHORT,94391.11214968626,94391.11214968626,-21.641318500970176,,24.585143097428126,210.23491809200948,2,EXIT_SHORT
2025-05-01 09:50:00,2025-05-01 09:55:00,SHORT,95804.37391733713,95804.37391733713,-7.388062010614861,,38.55526674523615,94.5329726850361,1,EXIT_SHORT
2025-05-01 10:15:00,2025-05-01 10:20:00,SHORT,96173.124420567,96173.124420567,-15.448896699526639,,50.373561243773715,142.42203434049983,2,EXIT_SHORT
2025-05-01 14:55:00,2025-05-01 20:00:00,LONG,96765.73905580169,96328.59174697915,-2.594713855788993,61.0,20.97504941505235,151.8800385912931,2,SL
2025-05-01 20:00:00,2025-05-01 20:05:00,SHORT,96328.59174697915,96328.59174697915,-11.571454906414976,,20.951788260727096,163.53717869191516,2,EXIT_SHORT
2025-05-02 14:35:00,2025-05-02 14:40:00,SHORT,97530.74684624115,97530.74684624115,-17.444807970449197,,19.932363518340203,200.85421106103223,1,EXIT_SHORT
2025-05-06 22:25:00,2025-05-06 22:40:00,LONG,95582.24282110865,96141.21306154493,1.5266296663844754,3.0,38.162047712504275,193.50126647631066,2,TP
2025-05-06 22:40:00,2025-05-06 22:45:00,SHORT,96141.21306154493,96141.21306154493,-5.443987072335778,,40.00726294265077,190.8104617280029,2,EXIT_SHORT
2025-05-07 07:40:00,2025-05-07 12:15:00,LONG,96868.66420796342,97158.7877358112,0.39232000950908774,55.0,10.282489663618104,67.68261177147446,1,TP
2025-05-07 12:15:00,2025-05-07 12:20:00,SHORT,97158.7877358112,97158.7877358112,-9.67070943107106,,10.971032249362054,68.25813950208381,1,EXIT_SHORT
2025-05-07 16:10:00,2025-05-07 16:15:00,SHORT,96702.87933490754,96702.87933490754,-18.386629865286693,,22.45650485277298,138.1506774216282,1,EXIT_SHORT
2025-05-08 06:55:00,2025-05-08 07:20:00,LONG,98984.95577661428,99292.59123584528,0.4359315540270845,5.0,24.056418859780518,89.91282425331552,2,TP
2025-05-08 07:20:00,2025-05-08 07:25:00,SHORT,99292.59123584528,99292.59123584528,-10.610435986737548,,26.082542138899072,90.63905109236454,2,EXIT_SHORT
2025-05-08 10:30:00,2025-05-08 11:05:00,LONG,99836.04357524513,99656.8269531096,-1.4938736626808646,7.0,45.66656820475154,83.52322338489711,2,SL
2025-05-08 11:05:00,2025-05-08 11:10:00,SHORT,99656.8269531096,99656.8269531096,-11.01438629334046,,43.47125279482062,82.52799314311953,2,EXIT_SHORT
2025-05-08 15:20:00,2025-05-08 15:30:00,SHORT,100440.50124579259,100440.50124579259,-37.590437587336716,,29.02264080196572,269.16835722422775,2,EXIT_SHORT
2025-05-08 19:05:00,2025-05-08 20:30:00,LONG,101265.35,101834.0627616995,1.4083668764778778,17.0,18.6975255447821,187.68928885053325,2,TP
2025-05-08 20:30:00,2025-05-08 20:35:00,SHORT,101834.0627616995,101834.0627616995,-8.554472493499915,,20.905054951864336,217.57362536120993,2,EXIT_SHORT
2025-05-08 21:15:00,2025-05-08 21:20:00,SHORT,103305.52158723753,103305.52158723753,9.291416291708366,,38.20828161676841,366.83818876393354,2,EXIT_SHORT
2025-05-09 06:20:00,2025-05-09 07:05:00,LONG,103072.08153033906,103391.66714961582,0.42847303090765987,9.0,35.27580973467255,106.88289892213508,2,TP
2025-05-09 07:05:00,2025-05-09 07:10:00,SHORT,103391.66714961582,103391.66714961582,-16.022031505739285,,37.46906529901648,105.66197757055356,2,EXIT_SHORT
2025-05-09 08:40:00,2025-05-09 08:45:00,SHORT,102889.46117646662,102889.46117646662,-4.104012880374746,,32.11852276668389,284.71572997587873,2,EXIT_SHORT
2025-05-09 18:35:00,2025-05-09 19:20:00,LONG,103290.23493233448,102988.1389026164,-1.9159332477411386,9.0,14.60766740319061,133.21882915802107,1,SL
2025-05-09 19:20:00,2025-05-09 19:25:00,SHORT,102988.1389026164,102988.1389026164,-13.083285792326189,,15.384790711444953,129.661769932448,1,EXIT_SHORT
2025-05-10 06:35:00,2025-05-10 06:40:00,SHORT,103818.90298434113,103818.90298434113,-6.205245884925408,,24.294326634236523,93.63622973934116,1,EXIT_SHORT
2025-05-12 18:45:00,2025-05-12 20:50:00,SHORT,100940.37127902886,100940.37127902886,-108.72184183142093,,25.573739424440724,220.61172291549087,0,EXIT_SHORT
2025-05-13 19:25:00,2025-05-13 21:25:00,LONG,104486.1584564667,104183.46274451348,-1.8691171155691353,24.0,12.415404156227172,180.06301232850103,2,SL
2025-05-13 21:25:00,2025-05-13 21:30:00,SHORT,104183.46274451348,104183.46274451348,-28.82243056403713,,11.81903131922599,174.38636859075177,2,EXIT_SHORT
2025-05-18 14:35:00,2025-05-18 14:40:00,SHORT,105015.87595238483,105015.87595238483,-23.356997698827563,,58.6056815716826,150.01269508493567,1,EXIT_SHORT
2025-05-18 22:50:00,2025-05-18 23:50:00,LONG,105486.14167163637,106385.22946633311,2.4697596084346007,12.0,40.338104652377794,263.8278004267662,2,TP
2025-05-18 23:50:00,2025-05-19 06:05:00,SHORT,105655.67540636986,105655.67540636986,284.9928722906032,,40.43357289906898,240.2895525645261,0,EXIT_SHORT
2025-05-20 19:20:00,2025-05-20 19:55:00,LONG,106298.55993355605,107124.63847421472,2.2986129275014027,7.0,32.73389280717717,227.4157718213228,2,TP
2025-05-20 19:55:00,2025-05-20 20:00:00,SHORT,107124.63847421472,107124.63847421472,-6.394706299470695,,32.794133711908145,247.29464526265696,2,EXIT_SHORT
2025-05-21 06:25:00,2025-05-21 06:30:00,LONG,107785.4179044365,107929.33470106557,-0.26388440176340866,1.0,27.268630569882408,183.34381288902023,2,TP
2025-05-21 06:30:00,2025-05-21 06:35:00,SHORT,107929.33470106557,107929.33470106557,-15.431312237520459,,27.527284575509963,187.75139768266186,2,EXIT_SHORT
2025-05-21 07:15:00,2025-05-21 07:20:00,SHORT,107410.13738436784,107410.13738436784,-0.4612958585020106,,27.32253021546434,218.60089921266263,2,EXIT_SHORT
2025-05-21 12:25:00,2025-05-21 12:45:00,LONG,106784.58970467788,106545.01729909643,-1.6740047588529785,4.0,20.313155955093794,118.12195459979827,2,SL
2025-05-21 12:45:00,2025-05-21 12:50:00,SHORT,106545.01729909643,106545.01729909643,-11.85765157402351,,19.205349056860012,121.62110069981271,2,EXIT_SHORT
2025-05-21 13:45:00,2025-05-21 13:50:00,SHORT,107203.84141444541,107203.84141444541,-12.224819288289293,,23.730890192293412,181.45740945191503,2,EXIT_SHORT
2025-05-21 14:45:00,2025-05-21 14:55:00,SHORT,108220.02705728263,108220.02705728263,-26.457320294088795,,36.05667113165972,307.4753263676547,2,EXIT_SHORT
2025-05-21 21:35:00,2025-05-21 22:40:00,LONG,108100.17,108943.07437420601,2.2631067826825335,13.0,19.24580392169207,205.1199272856474,2,TP
2025-05-21 22:40:00,2025-05-21 22:45:00,SHORT,108943.07437420601,108943.07437420601,-11.555329371098637,,20.09792403312231,204.7435039081016,2,EXIT_SHORT
2025-05-22 12:25:00,2025-05-22 13:30:00,LONG,111389.29752440579,110986.21444286926,-2.1988702569375618,13.0,25.617262822248755,215.3421103247917,2,SL
2025-05-22 13:30:00,2025-05-22 13:35:00,SHORT,110986.21444286926,110986.21444286926,-15.87908226586336,,24.572145170702083,231.42053101587817,2,EXIT_SHORT
2025-05-23 12:10:00,2025-05-23 12:15:00,SHORT,108100.17,108100.17,-13.874661303578247,,45.92309178945283,408.8748892664112,0,EXIT_SHORT
2025-05-26 06:05:00,2025-05-26 06:15:00,LONG,109720.60712953791,109549.0095034184,-1.384067833134532,2.0,19.241274780027435,91.09698677090879,2,SL
2025-05-26 06:15:00,2025-05-26 06:20:00,SHORT,109549.0095034184,109549.0095034184,-12.573799871469706,,18.95395168071483,99.36505914441469,2,EXIT_SHORT
2025-05-26 07:00:00,2025-05-26 07:05:00,SHORT,110020.90297524704,110020.90297524704,-10.636686723858569,,21.844505499501846,129.37020605802948,2,EXIT_SHORT
2025-05-27 16:00:00,2025-05-27 19:00:00,LONG,110337.18100415681,109791.50844723258,-2.689361137125271,36.0,17.653319044777643,152.81169684859458,1,SL
2025-05-27 19:00:00,2025-05-27 19:05:00,SHORT,109791.50844723258,109791.50844723258,-12.608619438817366,,19.154454694231955,148.66943278798013,1,EXIT_SHORT
2025-05-29 18:55:00,2025-05-29 21:30:00,SHORT,105826.51505317967,105826.51505317967,-31.86825590286775,,19.749849549318544,150.77502592873904,1,EXIT_SHORT
2025-06-06 16:20:00,2025-06-06 16:40:00,LONG,105201.87313787841,104836.81524504426,-2.1030145477650173,4.0,36.30336553541585,178.30302396444625,2,
2025-06-06 16:40:00,2025-06-06 16:45:00,SHORT,104836.81524504426,104836.81524504426,-16.414750443213048,,35.79993938185,177.4085222527,2,EXIT_SHORT
2025-06-06 16:55:00,2025-06-06 17:00:00,SHORT,104836.81524504426,104836.81524504426,-9.09410395605225e-16,,31.012246484894423,176.06914117681603,2,EXIT_SHORT
2025-06-07 18:30:00,2025-06-07 18:35:00,SHORT,105840.7244503382,105840.7244503382,-2.705097664658094,,21.13685876641108,90.66417051204387,1,EXIT_SHORT
2025-06-09 18:05:00,2025-06-09 21:10:00,LONG,108474.66663463054,109005.11395619984,1.1056375081735026,37.0,21.142955207096964,141.30042763101397,2,TP
2025-06-09 21:10:00,2025-06-09 21:15:00,SHORT,109005.11395619986,109005.11395619986,-22.813759278424904,,24.262055525076835,151.01539708594242,2,EXIT_SHORT
2025-06-10 14:45:00,2025-06-10 14:50:00,SHORT,108474.66663463054,108474.66663463054,-23.10387987754895,,34.269249587172915,214.50762629547557,1,EXIT_SHORT
2025-06-16 16:40:00,2025-06-16 19:00:00,LONG,107780.32158957433,108305.56906900587,1.094019170876507,28.0,21.05849459993307,131.4602823416164,2,TP
2025-06-16 19:00:00,2025-06-16 19:05:00,SHORT,108305.56906900587,108305.56906900587,-11.094326524592596,,23.920496642640604,153.82811931721525,2,EXIT_SHORT
2025-06-16 22:05:00,2025-06-16 22:20:00,LONG,108900.8513508051,108619.63745087404,-1.7427817094230948,3.0,19.84022975948735,134.63028027487474,1,SL
2025-06-16 22:20:00,2025-06-16 22:25:00,SHORT,108619.63745087404,108619.63745087404,-13.123032377280225,,20.265729751267507,127.18954596952597,1,EXIT_SHORT
2025-06-16 22:40:00,2025-06-16 22:45:00,SHORT,107780.32158957433,107780.32158957433,5.987295973575112,,24.637301963502274,212.1111974811435,1,EXIT_SHORT
2025-06-22 14:25:00,2025-06-22 18:45:00,SHORT,99102.63888931877,99102.63888931877,-91.22196181957918,,12.303420729489773,216.93332733909895,0,EXIT_SHORT
2025-06-23 10:40:00,2025-06-23 11:00:00,SHORT,101356.36175335426,101561.4649209807,-1.5009204070621367,4.0,38.04154859112537,104.61588076034188,2,SL
2025-06-23 11:00:00,2025-06-23 11:05:00,LONG,101561.4649209807,101561.4649209807,-14.163441827088345,,37.935266615180275,107.38688927746057,2,EXIT
2025-06-23 15:05:00,2025-06-23 15:50:00,LONG,101930.5,101360.47142675085,-2.8268219023214263,9.0,19.13170997118143,249.5378575528751,2,SL
2025-06-23 15:50:00,2025-06-23 15:55:00,SHORT,101360.47142675085,101360.47142675085,-10.445490322864124,,20.323823529215563,242.29443915624148,2,EXIT_SHORT
2025-06-23 18:05:00,2025-06-23 18:10:00,SHORT,102928.05000318601,102928.05000318601,-8.267069678699247,,33.67280573148984,363.0833211456301,2,EXIT_SHORT
2025-06-23 20:15:00,2025-06-23 21:15:00,LONG,103463.49744140227,104128.30107693911,1.6430501537009574,12.0,38.01438682174402,215.8798414550247,2,
2025-06-23 21:15:00,2025-06-23 21:20:00,SHORT,104128.30107693911,104128.30107693911,-7.2674294976969716,,39.019101675242645,207.4512813510947,2,EXIT_SHORT
2025-06-23 22:00:00,2025-06-23 22:05:00,LONG,104128.30107693911,104128.30107693911,4.162963516276736e-16,,35.27060480880036,257.2249003642253,2,TP
2025-06-23 22:05:00,2025-06-23 22:10:00,SHORT,104396.82082585202,104396.82082585202,-49.237738797446724,,37.84196770307716,279.31526462392384,2,EXIT_SHORT
2025-06-24 06:30:00,2025-06-24 07:30:00,LONG,105531.54404922243,105276.67200741093,-1.6269571152309115,12.0,37.060506028988485,167.733691582139,2,SL
2025-06-24 07:30:00,2025-06-24 07:35:00,SHORT,105276.67200741093,105276.67200741093,-11.061421365652429,,36.65338348669685,172.07699932627145,2,EXIT_SHORT
2025-06-24 14:40:00,2025-06-24 15:40:00,LONG,105619.69195964832,105207.43093397585,-2.168544263469471,12.0,23.81783001041165,184.17053862360802,2,SL
2025-06-24 15:40:00,2025-06-24 15:45:00,SHORT,105207.43093397585,105207.43093397585,-13.049310964123375,,23.137378273119612,176.62050015049326,2,EXIT_SHORT
2025-06-24 16:50:00,2025-06-24 16:55:00,SHORT,105977.57012239254,105977.57012239254,-12.94174750036743,,24.317561287702315,189.0058471928598,2,EXIT_SHORT
2025-06-25 00:10:00,2025-06-25 06:05:00,SHORT,106341.14875457514,106341.14875457514,-0.09594397657979314,,12.907625510360068,95.20126885478805,1,EXIT_SHORT
2025-07-02 15:10:00,2025-07-02 16:05:00,LONG,108359.36076650591,109392.97567568443,2.75452986148189,11.0,34.89001416163012,207.2696763775401,2,TP
2025-07-02 16:05:00,2025-07-02 16:10:00,SHORT,109173.53712832123,109173.53712832123,-61.28052190517265,,37.404450507506645,212.66755663628697,2,EXIT_SHORT
2025-07-02 18:55:00,2025-07-02 20:45:00,LONG,109481.12573557155,109481.12573557155,-1.1112016748054394,,12.427465696050845,138.98888471422728,2,EXIT
2025-07-02 20:55:00,2025-07-02 21:00:00,SHORT,109171.32613123141,109171.32613123141,-9.591811635003529,,12.931099547392563,124.62238692316288,2,EXIT_SHORT
2025-07-03 09:40:00,2025-07-03 09:45:00,SHORT,110023.27504316678,110023.27504316678,-23.96070720881969,,45.224246574623436,140.4779948558083,1,EXIT_SHORT
2025-07-04 13:30:00,2025-07-04 18:00:00,SHORT,108359.36076650592,108359.36076650592,14.236110848416768,,27.53287462782271,114.50001396364212,1,EXIT_SHORT
2025-07-09 19:10:00,2025-07-09 19:15:00,LONG,109614.93856667454,109962.2439885111,0.4206621232229337,1.0,20.874960883925315,114.88582620153659,2,
2025-07-09 19:15:00,2025-07-09 19:25:00,SHORT,109962.2439885111,109962.2439885111,-10.398336351019154,,26.700761823734915,133.16976851050796,2,EXIT_SHORT
2025-07-09 19:40:00,2025-07-09 19:45:00,SHORT,111292.1079787742,111292.1079787742,-17.850778794983178,,40.12056496856356,210.11768087329793,2,EXIT_SHORT
2025-07-09 22:45:00,2025-07-10 00:40:00,LONG,111349.62232689193,111033.85503194324,-1.7410110932749003,23.0,20.520489978741306,98.08528166383796,2,SL
2025-07-10 00:40:00,2025-07-10 06:05:00,SHORT,111033.85503194324,111033.85503194324,-16.510412861078994,,19.943246085798513,58.2228125461374,1,EXIT_SHORT
2025-07-10 16:20:00,2025-07-10 16:25:00,SHORT,112002.50283577059,112002.50283577059,-54.37888746033319,,18.972826490256544,191.38556172818113,1,EXIT_SHORT
2025-07-10 21:05:00,2025-07-10 21:15:00,LONG,113659.46203934179,114127.0929472365,0.7506592864396531,2.0,24.32539587215458,354.27669596823154,2,TP
2025-07-10 21:15:00,2025-07-10 21:20:00,SHORT,114127.0929472365,114127.0929472365,-106.44553523588803,,28.484158628729894,420.0940748276437,2,EXIT_SHORT
2025-07-11 07:35:00,2025-07-11 09:35:00,LONG,117866.33,118580.13047590565,1.4112231183105937,24.0,29.600521959976835,171.7603529183758,2,TP
2025-07-11 09:35:00,2025-07-11 09:40:00,SHORT,118580.13047590567,118580.13047590567,-19.323211732288687,,32.230519608382494,181.9660419956346,2,EXIT_SHORT
2025-07-11 13:30:00,2025-07-11 13:35:00,SHORT,117458.44401376821,117458.44401376821,-8.061035288371377,,12.874174336292477,190.4177912160095,2,EXIT_SHORT
2025-07-14 07:35:00,2025-07-14 09:25:00,LONG,122537.66,122074.7573104772,-2.0029234628006827,22.0,25.9698586338584,176.8313066974513,2,SL
2025-07-14 09:25:00,2025-07-14 09:30:00,SHORT,122074.7573104772,122074.7573104772,-7.647787337305502,,25.882049200012236,179.7447847904902,2,EXIT_SHORT
2025-07-16 16:40:00,2025-07-16 19:40:00,LONG,119181.99,119181.99,-1.4267097675657139,,14.19235189356996,216.5037214883693,2,EXIT
2025-07-16 23:00:00,2025-07-17 06:05:00,SHORT,118557.09753805608,118557.09753805608,-16.90349293816571,,18.712296250372482,123.5988651266045,1,EXIT_SHORT
2025-07-17 21:05:00,2025-07-17 21:15:00,LONG,119904.25031957291,120275.55180840184,0.3778421488586665,2.0,26.185248361818665,236.88560610336225,2,TP
2025-07-17 21:15:00,2025-07-17 21:25:00,SHORT,120479.63670651459,120479.63670651459,-41.489596473928685,,30.133600620360358,268.1271297523896,2,EXIT_SHORT
2025-07-17 23:20:00,2025-07-18 06:05:00,SHORT,119465.06903204322,119465.06903204322,-56.355109688625554,,17.37871951762255,176.3579561583748,2,EXIT_SHORT
2025-07-18 12:35:00,2025-07-18 13:00:00,LONG,119384.17376636209,119149.20959373088,-1.3469656281634803,5.0,20.362428721107246,134.73956125866567,1,SL
2025-07-18 13:00:00,2025-07-18 13:05:00,SHORT,119149.20959373088,119149.20959373088,-4.977276851202499,,20.839296777259637,140.3838783116188,1,EXIT_SHORT
2025-07-22 12:05:00,2025-07-22 13:30:00,LONG,119230.21669691369,118990.63728471869,-1.358948118828537,17.0,27.537558477484158,152.274850603304,1,SL
2025-07-22 13:30:00,2025-07-22 13:35:00,SHORT,118990.63728471869,118990.63728471869,-9.589772615239358,,28.128496176368134,167.44664698878282,1,EXIT_SHORT
2025-07-22 16:15:00,2025-07-22 16:40:00,LONG,119268.44014626536,118823.62530837057,-1.9408542590137465,5.0,12.482139650310765,211.5040932967598,2,SL
2025-07-22 16:40:00,2025-07-22 16:45:00,SHORT,118823.62530837057,118823.62530837057,-13.272649282411475,,13.215599533187628,208.21737234699165,2,EXIT_SHORT
2025-07-22 18:50:00,2025-07-22 19:00:00,SHORT,119830.378361615,119830.378361615,-42.019350699854066,,19.884111077354582,238.54997609766028,2,EXIT_SHORT
2025-07-22 22:35:00,2025-07-23 00:25:00,LONG,119900.01,119617.29191186388,-1.4586782353333414,22.0,20.87079840720222,150.83842978040576,2,SL
2025-07-23 00:25:00,2025-07-23 06:05:00,SHORT,119617.29191186387,119617.29191186387,30.37923152878749,,14.196927958107574,101.28053177192636,1,EXIT_SHORT
2025-08-01 19:20:00,2025-08-01 21:50:00,SHORT,113392.24437768766,113392.24437768766,-38.32166230153523,,18.17941135164035,178.26098407334334,0,EXIT_SHORT
2025-08-07 19:40:00,2025-08-07 19:45:00,LONG,116936.6825769933,117375.33186335977,0.584424302573769,1.0,24.502121523414083,137.44419842375424,2,TP
2025-08-07 19:45:00,2025-08-07 19:50:00,SHORT,117375.33186335978,117375.33186335978,-12.443161956501868,,27.36576907212911,147.93175567920065,2,EXIT_SHORT
2025-08-07 22:10:00,2025-08-08 00:15:00,LONG,117379.61411385439,117115.5473138138,-1.4201313433711114,25.0,17.69529674390028,119.20219854493291,2,SL
2025-08-08 00:15:00,2025-08-08 06:05:00,SHORT,116893.23156710557,116893.23156710557,14.383490169694753,,17.34457026009843,53.16872666067489,1,EXIT_SHORT
2025-08-09 10:15:00,2025-08-09 10:20:00,SHORT,117841.73101392543,117841.73101392543,-8.393277676322366,,46.427388528274605,118.64194314805655,1,EXIT_SHORT
2025-08-11 02:00:00,2025-08-11 06:05:00,SHORT,120394.76665423819,120394.76665423819,-84.85059145685301,,35.882534525250946,159.93046000065,2,EXIT_SHORT
2025-08-13 13:25:00,2025-08-13 13:35:00,LONG,120660.24814311015,120410.43677960202,-1.3413467165291522,2.0,20.335094964071295,145.42714396140957,2,SL
2025-08-13 13:35:00,2025-08-13 13:40:00,SHORT,120410.43677960202,120410.43677960202,-10.119756328711642,,21.171745310217496,157.46663367845147,2,EXIT_SHORT
2025-08-13 13:45:00,2025-08-13 13:50:00,SHORT,121097.41802924937,121097.41802924937,-8.6707071997685,,22.632705870745546,255.9153627125429,2,EXIT_SHORT
2025-08-13 16:10:00,2025-08-13 19:20:00,LONG,121451.86010312513,122478.6109412959,2.1152916573605127,38.0,14.450115975662959,211.69637979771085,2,TP
2025-08-13 19:20:00,2025-08-13 19:25:00,SHORT,122478.61094129589,122478.61094129589,-10.86630939114723,,16.990774845096862,210.48949552644598,2,EXIT_SHORT
2025-08-13 22:40:00,2025-08-13 22:45:00,SHORT,123347.73970666491,123347.73970666491,-17.460914336306686,,23.547679967171224,197.2457436930526,2,EXIT_SHORT
2025-08-14 00:05:00,2025-08-14 06:05:00,SHORT,123207.37408381699,123207.37408381699,93.38081471820584,,58.196255540369194,171.05781421043238,2,EXIT_SHORT
2025-08-14 10:55:00,2025-08-14 11:00:00,SHORT,120865.14533845612,120865.14533845612,-13.217610404705622,,25.881848140580104,167.68548394987306,1,EXIT_SHORT
2025-08-22 17:35:00,2025-08-22 19:30:00,LONG,116643.05,116643.05,-0.6616692909586985,23.0,19.83720474164766,155.7182117946415,2,SL
2025-08-22 19:30:00,2025-08-22 19:35:00,SHORT,116643.05,116643.05,-10.94629338129553,,18.571073761839756,148.38191095216672,2,EXIT_SHORT
2025-08-22 21:45:00,2025-08-22 22:10:00,LONG,117106.36379413809,116873.80762185415,-1.316692771879888,5.0,22.909992067620372,116.23179777754261,2,SL
2025-08-22 22:10:00,2025-08-22 22:15:00,SHORT,116873.80762185414,116873.80762185414,-6.018201796561968,,21.493198193255072,112.63595507914667,2,EXIT_SHORT
2025-08-25 20:35:00,2025-08-26 07:45:00,SHORT,109416.47832562507,109416.47832562507,-57.976899029886724,,29.535570931101358,183.83249770517648,1,EXIT_SHORT
2025-08-26 16:20:00,2025-08-26 16:55:00,SHORT,109467.02045911418,109894.76470894155,-1.9236948801275444,7.0,19.768016748926982,203.29129728552454,2,SL
2025-08-26 16:55:00,2025-08-26 17:00:00,LONG,109894.76470894157,109894.76470894157,1.72380837508382,,19.618699378714638,201.9533474794155,1,EXIT
2025-08-28 06:30:00,2025-08-28 09:35:00,LONG,113026.99809590545,113026.99809590545,-0.9679354528713315,,19.146966160442034,91.36782986913003,1,EXIT
2025-08-28 12:30:00,2025-08-28 12:35:00,SHORT,112784.5851075659,112784.5851075659,-23.283452996130713,,12.940668818089215,93.04222737028238,1,EXIT_SHORT
2025-08-28 13:20:00,2025-08-28 13:25:00,SHORT,113451.22082549971,113451.22082549971,-3.5705475756557705,,27.69047070049763,121.09492014691648,1,EXIT_SHORT
2025-09-02 06:05:00,2025-09-02 07:35:00,LONG,110350.6342332793,110350.6342332793,-1.1459930826431308,,22.151647314930678,108.5757478975163,1,EXIT
2025-09-02 07:50:00,2025-09-02 07:55:00,SHORT,110115.88075057279,110115.88075057279,-7.465157880951191,,19.570105109148546,123.05800332416034,1,EXIT_SHORT
2025-09-02 13:45:00,2025-09-02 13:50:00,SHORT,110761.45282801567,110761.45282801567,-19.87831337894218,,34.47393633616021,334.25053739008206,2,EXIT_SHORT
2025-09-02 17:25:00,2025-09-02 17:50:00,LONG,110708.01,110708.01,-0.02513342046881817,,10.051350539915672,197.42729608094518,2,EXIT
2025-09-02 18:45:00,2025-09-02 18:50:00,SHORT,110281.15984420691,110281.15984420691,-19.631240934211835,,15.264245292509845,208.28894603298298,2,EXIT_SHORT
2025-09-02 21:05:00,2025-09-02 21:10:00,SHORT,111454.99777263789,111454.99777263789,-10.446072872175662,,24.426124680054617,134.35893249932383,2,EXIT_SHORT
2025-09-02 21:55:00,2025-09-02 22:00:00,SHORT,111171.59569093115,111171.59569093115,-8.228944704048944,,19.636632260990663,129.68525068024135,1,EXIT_SHORT
2025-09-03 08:05:00,2025-09-03 08:50:00,LONG,111230.14362318256,110989.13868384647,-1.3355826501342518,9.0,22.99901819190589,96.59355386227176,2,SL
2025-09-03 08:50:00,2025-09-03 08:55:00,SHORT,110989.13868384648,110989.13868384648,-9.284625659519621,,22.02334840485864,92.44972858639532,2,EXIT_SHORT
2025-09-03 11:00:00,2025-09-03 11:05:00,SHORT,111651.90226702073,111651.90226702073,-11.28848853038307,,41.38693487827839,109.10214038927579,1,EXIT_SHORT
2025-09-03 14:35:00,2025-09-03 14:40:00,SHORT,111942.55821419638,111942.55821419638,-12.191050048937612,,15.180336039164235,285.15206226607734,1,EXIT_SHORT
2025-09-10 13:05:00,2025-09-10 16:50:00,LONG,113756.85570322808,113756.85570322808,-0.9431991755932068,,17.78543820290718,127.83482569397997,1,EXIT
2025-09-10 19:15:00,2025-09-10 19:20:00,SHORT,113311.21380854849,113311.21380854849,-10.116093414238444,,15.959948821556994,125.95406720071746,1,EXIT_SHORT
2025-09-10 22:00:00,2025-09-11 03:40:00,LONG,113855.01123751236,114193.33229556002,0.3082172969415007,68.0,20.425819981833214,87.4869596284925,1,TP
2025-09-11 03:40:00,2025-09-11 06:05:00,SHORT,114193.33229556002,114193.33229556002,-6.909691334878139,,17.424309718749264,88.93204558035816,1,EXIT_SHORT
2025-09-11 12:30:00,2025-09-11 12:35:00,SHORT,113661.68491862799,113661.68491862799,-14.482593672529475,,24.694026165287614,178.99451285709807,1,EXIT_SHORT
2025-09-11 13:55:00,2025-09-11 14:00:00,SHORT,114536.72901891732,114536.72901891732,-14.292534477867596,,20.093087545117008,258.1511908619235,1,EXIT_SHORT
2025-09-18 03:10:00,2025-09-18 06:05:00,SHORT,117488.7104990291,117488.7104990291,-1.870441334181809,,17.036932592580175,110.31762073658533,1,EXIT_SHORT
2025-09-29 14:10:00,2025-09-29 19:50:00,LONG,113564.70754666848,114337.73562763634,1.5167935303770932,68.0,13.914673847189679,118.62902387369137,1,TP
2025-09-29 19:50:00,2025-09-29 19:55:00,SHORT,114337.73562763634,114337.73562763634,-7.519883526494136,,14.429242568060662,123.54052216842766,1,EXIT_SHORT
2025-09-30 08:20:00,2025-09-30 08:25:00,SHORT,113564.70754666848,113564.70754666848,-8.597764351716657,,22.641740536536332,95.4481394996927,1,EXIT_SHORT
2025-10-01 08:30:00,2025-10-01 08:40:00,LONG,115159.62728839602,115667.64496635905,0.7579660140205446,2.0,30.41613314869111,168.0254410725252,2,TP
2025-10-01 08:40:00,2025-10-01 08:45:00,SHORT,115667.64496635903,115667.64496635903,-8.064641620215353,,34.15682539803762,206.69505242448727,2,EXIT_SHORT
2025-10-01 11:40:00,2025-10-01 12:50:00,LONG,116599.39858172912,116382.72776394873,-1.2149639389658502,14.0,44.53140678808703,132.16292702706025,2,SL
2025-10-01 12:50:00,2025-10-01 12:55:00,SHORT,116382.72776394874,116382.72776394874,-8.531502526771346,,42.47593894891007,126.77700366798415,2,EXIT_SHORT
2025-10-01 14:00:00,2025-10-01 14:05:00,SHORT,116978.57251284481,116978.57251284481,-19.73122677184744,,38.60469750091477,185.28117094239548,2,EXIT_SHORT
2025-10-01 16:15:00,2025-10-01 17:05:00,LONG,117798.27017446456,117473.38457724862,-1.4867738001333795,10.0,38.24157755313195,178.3640371647876,2,SL
2025-10-01 17:05:00,2025-10-01 17:10:00,SHORT,117473.38457724862,117473.38457724862,-6.358686605967652,,35.53562689863966,180.79089165301787,2,EXIT_SHORT
2025-10-01 19:40:00,2025-10-01 20:05:00,LONG,117535.22837275911,117298.12576353793,-1.2535791416216857,5.0,20.137950115499102,125.40263597902094,2,SL
2025-10-01 20:05:00,2025-10-01 20:10:00,SHORT,117298.12576353794,117298.12576353794,-5.928126265271219,,19.777427785570296,127.57387626623394,2,EXIT_SHORT
2025-10-01 22:05:00,2025-10-01 22:10:00,SHORT,117950.15793889618,117950.15793889618,-6.037762552403086,,20.165064056415897,116.01348920766208,2,EXIT_SHORT
2025-10-01 23:15:00,2025-10-02 06:05:00,SHORT,118366.81996959246,118366.81996959246,-9.663035519922987,,28.607071884599627,113.92609470992927,1,EXIT_SHORT
2025-10-02 13:40:00,2025-10-02 14:40:00,LONG,119443.33678349489,119139.93602482464,-1.4114069684780182,12.0,26.783560186235867,216.46019655277837,1,SL
2025-10-02 14:40:00,2025-10-02 14:45:00,SHORT,119139.93602482464,119139.93602482464,-3.784587597646876,,27.22304889082192,221.24875394186563,1,EXIT_SHORT
2025-10-02 16:00:00,2025-10-02 16:05:00,SHORT,119974.28811116783,119974.28811116783,-4.647191610083802,,19.601257198984822,234.64743929311237,2,EXIT_SHORT
2025-10-02 19:05:00,2025-10-02 20:30:00,LONG,120732.85641873999,120315.70562378214,-1.6935668514209468,17.0,22.92309373971736,187.87870049547317,2,SL
2025-10-02 20:30:00,2025-10-02 20:35:00,SHORT,120315.70562378214,120315.70562378214,-11.602708408385556,,22.83638624572919,183.8337933172251,2,EXIT_SHORT
2025-10-03 15:20:00,2025-10-03 15:25:00,SHORT,121462.87030991624,121462.87030991624,-6.770448581883301,,22.032294344244463,221.23294533614492,1,EXIT_SHORT
2025-10-03 19:00:00,2025-10-03 20:15:00,LONG,122538.46,122538.46,-1.7287774144689985,,15.074033767560607,253.07115871712523,2,EXIT
2025-10-04 01:30:00,2025-10-04 06:05:00,SHORT,121869.42861305948,121869.42861305948,-35.05223948288442,,30.740152266103166,95.16573913354458,1,EXIT_SHORT
2025-10-05 02:30:00,2025-10-05 06:05:00,SHORT,123709.26492714595,123709.26492714595,-67.58282871461849,,38.63519348847276,234.95007352019744,2,EXIT_SHORT
2025-10-06 15:20:00,2025-10-06 18:55:00,LONG,125148.73443383454,126027.23434435314,1.5226194822994765,43.0,19.460344607296754,196.23946623327663,2,TP
2025-10-06 18:55:00,2025-10-06 19:00:00,SHORT,126027.23434435316,126027.23434435316,-8.453962922128982,,20.565402847442954,214.5802186451861,2,EXIT_SHORT
2025-10-06 20:15:00,2025-10-06 20:20:00,SHORT,125148.73443383454,125148.73443383454,-11.585033881765696,,14.059283609649665,185.61570517897738,2,EXIT_SHORT
2025-10-08 15:15:00,2025-10-08 16:40:00,SHORT,122489.21,122489.21,-1.062680906897508,,13.454448330349319,217.88355202768886,2,EXIT_SHORT
2025-10-08 16:50:00,2025-10-08 16:55:00,LONG,123028.20379782059,123028.20379782059,-11.20248630815058,,16.40017068548217,207.35738112421012,2,EXIT
2025-10-10 20:55:00,2025-10-11 09:40:00,SHORT,105904.55472867936,105904.55472867936,-939.0997090566477,,23.261013648878425,276.8933625830695,0,EXIT_SHORT
2025-10-12 19:35:00,2025-10-12 20:25:00,LONG,114325.26,115098.49154169505,1.16257085332051,10.0,30.999740454240904,228.85843962470213,2,TP
2025-10-12 20:25:00,2025-10-12 20:30:00,SHORT,115098.49154169505,115098.49154169505,-11.518195199265064,,33.559322638984916,241.26497965150827,2,EXIT_SHORT
2025-10-13 00:20:00,2025-10-13 00:25:00,LONG,115882.7359824103,115292.53997628255,-1.7385064254082991,1.0,15.589277610952085,293.06171713074104,2,SL
2025-10-13 00:25:00,2025-10-13 06:05:00,SHORT,115292.53997628255,115292.53997628255,17.050394445284873,,14.303972941520238,185.25841635198796,2,EXIT_SHORT
2025-10-13 11:25:00,2025-10-13 11:30:00,SHORT,113883.41340474568,113883.41340474568,0.4255839734251614,,34.24883531545882,246.24359211641368,2,EXIT_SHORT
2025-10-13 19:15:00,2025-10-13 23:45:00,LONG,115455.98344036052,115009.8315818181,-1.4384794854942546,54.0,31.213232899200495,121.62150693567567,1,SL
2025-10-13 23:45:00,2025-10-14 14:15:00,SHORT,115009.8315818181,115009.8315818181,97.85582721513,,22.462227181325307,374.80884555868886,0,EXIT_SHORT
2025-10-15 10:40:00,2025-10-15 18:25:00,SHORT,112241.39345846632,112241.39345846632,1.638279998176146,,17.91561312428064,251.11503173782353,0,EXIT_SHORT
2025-10-19 17:05:00,2025-10-19 20:15:00,LONG,109043.69219399086,109043.69219399086,-0.9304180903831012,,31.21456851338183,123.95058156999477,1,EXIT
2025-10-19 21:15:00,2025-10-19 21:20:00,SHORT,108704.6266748557,108704.6266748557,-6.923283667918113,,27.974502567701222,101.3069586117505,1,EXIT_SHORT
2025-10-20 03:50:00,2025-10-20 06:05:00,SHORT,109637.05685247741,109637.05685247741,-64.37182463260594,,63.941297690016185,209.16189536015798,2,EXIT_SHORT
2025-10-20 08:30:00,2025-10-20 08:40:00,LONG,111500.0550555421,111170.29196979129,-1.224936208393149,2.0,33.27390058452066,177.54434054053164,2,SL
2025-10-20 08:40:00,2025-10-20 08:45:00,SHORT,111170.29196979129,111170.29196979129,-11.900650029728121,,33.200588280116776,181.8961733590652,2,EXIT_SHORT
2025-10-20 14:45:00,2025-10-20 16:00:00,LONG,111327.03487052735,110952.32369844712,-1.319602436433335,15.0,25.464300235650438,236.12919532713573,2,SL
2025-10-20 16:00:00,2025-10-20 16:05:00,SHORT,110952.32369844712,110952.32369844712,-4.010090948932696,,25.183207795261197,240.53853851805465,2,EXIT_SHORT
2025-10-20 21:40:00,2025-10-20 21:45:00,LONG,110768.91,110502.0235721855,-1.0804783162260798,1.0,19.40199137884255,139.9044129138788,2,
2025-10-20 21:45:00,2025-10-20 21:50:00,SHORT,110502.0235721855,110502.0235721855,-6.6295561378870005,,20.325037268956905,142.92409770574514,2,EXIT_SHORT
2025-10-20 21:50:00,2025-10-21 07:05:00,LONG,110482.82,110482.82,-1.9923109897956895e-14,,29.501805750392602,179.71069232189436,0,EXIT
2025-10-21 14:50:00,2025-10-21 14:55:00,SHORT,111235.96124867539,111235.96124867539,-43.09606677345692,,33.62196126868193,487.90644659517227,2,TP
2025-10-21 14:55:00,2025-10-21 14:55:00,LONG,112241.39345846632,112241.39345846632,-0.20505340721260967,,33.62196126868193,487.90644659517227,2,
2025-10-21 14:55:00,2025-10-21 17:05:00,SHORT,112029.63235231405,112029.63235231405,-53.27812877418707,,39.681309286265055,404.7424955339122,2,EXIT_SHORT
2025-10-23 14:35:00,2025-10-23 17:35:00,LONG,109730.9914880563,110714.08417642784,1.6644481602951906,36.0,16.304779119233707,272.51448945178834,2,TP
2025-10-23 17:35:00,2025-10-23 17:40:00,SHORT,110714.08417642784,110714.08417642784,-13.168472314763735,,18.058442017535317,274.035597348089,2,EXIT_SHORT
2025-10-24 06:30:00,2025-10-24 07:15:00,LONG,111362.9732482167,111095.99256873972,-1.0485571000067173,9.0,25.58020864795693,125.3149146240949,2,SL
2025-10-24 07:15:00,2025-10-24 07:20:00,SHORT,111095.99256873972,111095.99256873972,-9.967060613087092,,24.76896007878025,120.53742072237333,2,EXIT_SHORT
2025-10-24 12:30:00,2025-10-24 12:35:00,SHORT,111830.18943730142,111830.18943730142,1.703058435503186,,25.83438442164366,234.633125608841,1,EXIT_SHORT
2025-10-27 05:15:00,2025-10-27 06:45:00,LONG,115565.99739209031,115930.1507746389,0.2747749938384599,18.0,47.60102568973289,151.9349605713309,2,TP
2025-10-27 06:45:00,2025-10-27 06:50:00,SHORT,115930.1507746389,115930.1507746389,-7.926543568452025,,49.14250695194685,154.8138919590923,2,EXIT_SHORT
2025-10-27 07:05:00,2025-10-27 07:10:00,SHORT,116236.74919280976,116236.74919280976,1.428015992378974,,54.86892038528286,177.70564708047803,2,EXIT_SHORT
2025-10-27 08:25:00,2025-10-27 08:30:00,SHORT,115357.9097449197,115357.9097449197,-0.2948672884507131,,30.619806469397158,177.20578931701013,1,EXIT_SHORT
2025-10-27 16:30:00,2025-10-27 19:00:00,LONG,115487.35109058954,115140.15612011445,-1.188640933595645,30.0,23.113748464942617,150.458393915347,1,SL
2025-10-27 19:00:00,2025-10-27 19:05:00,SHORT,115140.15612011445,115140.15612011445,-4.021775328298462,,24.9083981431432,148.41279434996454,1,EXIT_SHORT
2025-10-30 04:25:00,2025-10-30 06:20:00,SHORT,109169.22423755827,109169.22423755827,-39.9226046240812,,23.565293461836898,290.7941502024957,0,EXIT_SHORT
2025-11-07 22:05:00,2025-11-07 22:55:00,LONG,104016.14193462048,103628.56554683833,-1.3450434407096925,10.0,22.71204937292595,165.65694684951643,2,SL
2025-11-07 22:55:00,2025-11-07 23:00:00,SHORT,103628.56554683833,103628.56554683833,-7.083409805829862,,21.38063525799666,165.00502207455088,2,EXIT_SHORT
2025-11-09 18:45:00,2025-11-09 18:50:00,LONG,103882.5469598165,104467.27171798103,0.849294888324251,1.0,22.10385237967846,172.36748685998037,2,TP
2025-11-09 18:50:00,2025-11-09 18:55:00,SHORT,104467.27171798103,104467.27171798103,-5.098930521375858,,24.935316409015577,180.81195208426828,2,EXIT_SHORT
2025-11-09 19:25:00,2025-11-09 19:30:00,SHORT,104694.40061323924,104694.40061323924,-8.983791786900584,,33.754159445751924,195.99402325591055,2,EXIT_SHORT
2025-11-09 21:40:00,2025-11-09 21:55:00,LONG,104703.26607780285,104432.79984897829,-1.0694693488192488,3.0,20.27235202257263,145.29416266901328,2,SL
2025-11-09 21:55:00,2025-11-09 22:00:00,SHORT,104432.79984897829,104432.79984897829,-10.070336971018136,,19.154103563900975,154.4402939069417,2,EXIT_SHORT
2025-11-09 23:00:00,2025-11-10 06:05:00,SHORT,105176.58197824581,105176.58197824581,-43.09209672691205,,16.721326964038163,150.86259650368982,2,EXIT_SHORT
2025-11-10 18:00:00,2025-11-10 18:55:00,LONG,106053.29918661543,105640.49982906412,-1.3557191515784497,11.0,24.667731834977573,186.54467310523708,1,SL
2025-11-10 18:55:00,2025-11-10 19:00:00,SHORT,105640.49982906412,105640.49982906412,-1.566551516578345,,23.81959541017396,186.58862502629182,2,EXIT_SHORT
2025-11-11 01:15:00,2025-11-11 06:05:00,SHORT,106775.69806233022,106775.69806233022,44.186062292920745,,40.17972802096622,194.42650834998787,1,EXIT_SHORT
2025-11-11 15:30:00,2025-11-11 23:00:00,SHORT,103548.41852657961,103548.41852657961,12.14711187719337,,21.48599242484418,160.80154871565978,0,EXIT_SHORT
2025-11-13 11:30:00,2025-11-13 12:00:00,SHORT,102800.50250916813,103122.0042682905,-1.1932647155955372,6.0,23.637785925825586,160.98127416933315,2,SL
2025-11-13 12:00:00,2025-11-13 12:05:00,LONG,103122.0042682905,103122.0042682905,-11.230243550100383,,23.41880853137073,167.9990403000948,2,EXIT
2025-11-13 15:45:00,2025-11-13 22:15:00,SHORT,101554.97525324424,101554.97525324424,4.668931742859114,,15.240726340039998,261.86820333643414,0,EXIT_SHORT
2025-11-14 12:30:00,2025-11-14 14:55:00,SHORT,95262.83125514507,95262.83125514507,-96.23766123182581,,21.208090408862674,451.81516657774546,0,EXIT_SHORT
